"Time","CurrEstab","TCP_tw","Sockets_used","UDP_inuse","TCP_alloc","Tcp_InSegs","Tcp_OutSegs","Tcp_RetransSegs"
2025-06-04 13:00:00,,,728,,,,,
2025-06-04 13:16:00,194,185,,1,1262,266,285,0
2025-06-04 13:18:00,192,172,,1,1306,264,283,0
2025-06-04 13:20:00,198,189,,1,1366,282,302,0
2025-06-04 13:22:00,192,185,,1,1404,270,288,0.0667
2025-06-04 13:24:00,206,162,,1,1479,332,840,0
2025-06-04 13:26:00,203,202,,1,1522,278,300,0
2025-06-04 13:28:00,208,172,,1,1581,278,298,0.0667
2025-06-04 13:30:00,207,182,756,1,1627,296,317,0.0667
2025-06-04 13:32:00,203,182,,1,1668,271,289,0
2025-06-04 13:34:00,203,180,,1,1714,276,295,0
2025-06-04 13:36:00,204,174,,1,1762,269,288,0
2025-06-04 13:38:00,203,190,,1,1810,277,296,0
2025-06-04 13:40:00,209,179,,1,1866,280,304,0
2025-06-04 13:42:00,209,182,,1,1927,311,347,0.0667
2025-06-04 13:44:00,203,188,,1,1955,312,337,0
2025-06-04 13:46:00,203,172,,1,2003,273,292,0
2025-06-04 13:48:00,204,176,,1,2053,280,300,0
2025-06-04 13:50:00,208,180,,1,2109,279,297,0
2025-06-04 13:52:00,208,178,,1,2160,276,294,0
2025-06-04 13:54:00,207,195,,1,2202,283,303,0.133
2025-06-04 13:56:00,206,188,,1,2250,285,305,0
2025-06-04 13:58:00,204,182,,1,2294,275,294,0
2025-06-04 14:00:00,204,178,751,1,2340,280,300,0
2025-06-04 14:02:00,203,173,,1,2388,287,305,0
2025-06-04 14:04:00,210,173,,1,2449,272,291,0
2025-06-04 14:06:00,210,173,,1,2491,268,286,0
2025-06-04 14:08:00,203,167,,1,2537,277,297,0.400
2025-06-04 14:10:00,204,164,,1,2579,272,290,0
2025-06-04 14:12:00,200,181,,1,2622,261,280,0
2025-06-04 14:14:00,200,173,,1,2669,282,301,0
2025-06-04 14:16:00,199,179,,1,2716,273,291,0
2025-06-04 14:18:00,199,160,,1,2764,283,300,0
2025-06-04 14:20:00,200,176,,1,2810,271,289,0
2025-06-04 14:22:00,200,176,,1,2860,261,280,0
2025-06-04 14:24:00,199,172,,1,2906,274,291,0
2025-06-04 14:26:00,199,174,,1,2954,284,302,0
2025-06-04 14:28:00,199,165,,1,3002,262,281,0
2025-06-04 14:30:00,200,174,747,1,3050,261,280,0
2025-06-04 14:32:00,199,179,,1,3100,279,297,0
2025-06-04 14:34:00,199,166,,1,3146,271,289,0
2025-06-04 14:36:00,200,159,,1,3193,265,283,0
2025-06-04 14:38:00,199,170,,1,3240,276,294,0
2025-06-04 14:40:00,199,159,,1,3288,267,287,0
2025-06-04 14:42:00,200,163,,1,3338,270,288,0
2025-06-04 14:44:00,200,172,,1,3384,278,296,0
2025-06-04 14:46:00,199,158,,1,3432,269,286,0
2025-06-04 14:48:00,199,173,,1,3482,270,288,0
2025-06-04 14:50:00,199,164,,1,3530,280,298,0
2025-06-04 14:52:00,199,164,,1,3578,275,293,0
2025-06-04 14:54:00,200,168,,1,3624,266,284,0
2025-06-04 14:56:00,200,173,,1,3672,282,300,0
2025-06-04 14:58:00,199,182,,1,3722,271,290,0
2025-06-04 15:00:00,199,167,747,1,3768,273,292,0
2025-06-04 15:02:00,199,175,,1,3818,275,294,0
2025-06-04 15:04:00,198,172,,1,3862,267,285,0
2025-06-04 15:06:00,198,184,,1,3910,281,300,0
2025-06-04 15:08:00,199,170,,1,3958,287,306,0
2025-06-04 15:10:00,198,172,,1,4006,274,294,0
2025-06-04 15:12:00,198,175,,1,4058,270,288,0
2025-06-04 15:14:00,199,180,,1,4104,278,297,0
2025-06-04 15:16:00,198,173,,1,4150,271,289,0
2025-06-04 15:18:00,198,171,,1,4198,266,284,0
2025-06-04 15:20:00,198,179,,1,4246,285,304,0
2025-06-04 15:22:00,198,164,,1,4297,279,298,0
2025-06-04 15:24:00,196,184,,1,4338,261,280,0
2025-06-04 15:26:00,196,168,,1,4388,283,300,0
2025-06-04 15:28:00,198,161,,1,4438,271,288,0
2025-06-04 15:30:00,198,173,746,1,4486,277,297,0
2025-06-04 15:32:00,198,177,,1,4536,274,292,0
2025-06-04 15:34:00,198,165,,1,4584,266,284,0
2025-06-04 15:36:00,198,165,,1,4632,273,291,0
2025-06-04 15:38:00,199,159,,1,4678,281,300,0
2025-06-04 15:40:00,198,154,,1,4726,269,287,0
2025-06-04 15:42:00,198,164,,1,4774,266,285,0
2025-06-04 15:44:00,198,153,,1,4822,289,307,0
2025-06-04 15:46:00,198,165,,1,4870,271,289,0
2025-06-04 15:48:00,198,175,,1,4920,269,287,0
2025-06-04 15:50:00,198,167,,1,4966,278,296,0
2025-06-04 15:52:00,198,175,,1,5016,273,291,0
2025-06-04 15:54:00,198,157,,1,5062,275,292,0
2025-06-04 15:56:00,198,168,,1,5112,297,316,0
2025-06-04 15:58:00,198,165,,1,5158,267,284,0
2025-06-04 16:00:00,199,166,746,1,5206,275,294,0
2025-06-04 16:02:00,196,187,,1,5252,284,303,0
2025-06-04 16:04:00,198,171,,1,5302,270,288,0
2025-06-04 16:06:00,198,185,,1,5352,269,287,0
2025-06-04 16:08:00,198,161,,1,5400,282,300,0
2025-06-04 16:10:00,198,178,,1,5446,274,292,0
2025-06-04 16:12:00,198,158,,1,5496,270,289,0
2025-06-04 16:14:00,199,175,,1,5542,280,299,0
2025-06-04 16:16:00,198,170,,1,5590,273,291,0
2025-06-04 16:18:00,198,172,,1,5640,268,285,0
2025-06-04 16:20:00,199,176,,1,5688,277,296,0
2025-06-04 16:22:00,199,167,,1,5736,271,290,0
2025-06-04 16:24:00,198,183,,1,5783,265,284,0
2025-06-04 16:26:00,198,165,,1,5834,282,300,0
2025-06-04 16:28:00,199,169,,1,5880,278,297,0
2025-06-04 16:30:00,198,169,747,1,5930,279,299,0
2025-06-04 16:32:00,199,176,,1,5978,277,295,0
2025-06-04 16:34:00,199,174,,1,6026,277,295,0
2025-06-04 16:36:00,199,178,,1,6072,274,292,0
2025-06-04 16:38:00,198,174,,1,6122,275,293,0
2025-06-04 16:40:00,198,157,,1,6168,270,287,0
2025-06-04 16:42:00,198,166,,1,6218,272,290,0
2025-06-04 16:44:00,198,166,,1,6264,290,308,0
2025-06-04 16:46:00,198,174,,1,6312,275,293,0
2025-06-04 16:48:00,199,167,,1,6362,266,285,0
2025-06-04 16:50:00,198,166,,1,6408,282,300,0
2025-06-04 16:52:00,198,172,,1,6459,278,297,0
2025-06-04 16:54:00,198,167,,1,6505,261,278,0
2025-06-04 16:56:00,198,163,,1,6553,274,292,0
2025-06-04 16:58:00,198,167,,1,6601,274,293,0
2025-06-04 17:00:00,199,166,746,1,6649,274,292,0
2025-06-04 17:02:00,198,157,,1,6702,268,286,0
2025-06-04 17:04:00,198,171,,1,6746,261,280,0
2025-06-04 17:06:00,198,178,,1,6794,271,290,0
2025-06-04 17:08:00,199,166,,1,6842,281,299,0
2025-06-04 17:10:00,198,173,,1,6891,264,282,0
2025-06-04 17:12:00,199,172,,1,6943,254,272,0
2025-06-04 17:14:00,198,179,,1,6989,273,290,0
2025-06-04 17:16:00,199,169,,1,7036,276,294,0
2025-06-04 17:18:00,199,175,,1,7085,266,285,0
2025-06-04 17:20:00,199,161,,1,7131,271,289,0
2025-06-04 17:22:00,198,160,,1,7179,270,288,0
2025-06-04 17:24:00,198,186,,1,7230,269,287,0
2025-06-04 17:26:00,198,172,,1,7276,271,289,0
2025-06-04 17:28:00,198,174,,1,7324,261,279,0
2025-06-04 17:30:00,198,153,746,1,7372,261,280,0
2025-06-04 17:32:00,198,171,,1,7424,279,298,0
2025-06-04 17:34:00,199,160,,1,7471,267,285,0
2025-06-04 17:36:00,198,173,,1,7517,259,278,0
2025-06-04 17:38:00,198,171,,1,7567,282,302,0
2025-06-04 17:40:00,198,173,,1,7613,269,286,0
2025-06-04 17:42:00,198,187,,1,7664,270,288,0
2025-06-04 17:44:00,198,168,,1,7709,271,289,0
2025-06-04 17:46:00,198,182,,1,4100,273,295,0
2025-06-04 17:48:00,198,164,,1,4148,270,288,0
2025-06-04 17:50:00,198,165,,1,4197,277,294,0
2025-06-04 17:52:00,198,153,,1,4244,263,282,0
2025-06-04 17:54:00,199,173,,1,4292,261,279,0
2025-06-04 17:56:00,198,174,,1,4340,279,297,0
2025-06-04 17:58:00,199,165,,1,4386,264,282,0
2025-06-04 18:00:00,196,172,744,1,4430,261,279,0
2025-06-04 18:02:00,198,160,,1,4484,276,294,0
2025-06-04 18:04:00,206,168,,1,4546,270,288,0
2025-06-04 18:06:00,206,175,,1,4591,271,289,0
2025-06-04 18:08:00,205,170,,1,4632,270,288,0
2025-06-04 18:10:00,199,176,,1,4680,262,279,0.400
2025-06-04 18:12:00,199,157,,1,4722,271,289,0
2025-06-04 18:14:00,199,167,,1,4772,279,296,0
2025-06-04 18:16:00,199,171,,1,4818,263,281,0
2025-06-04 18:18:00,201,163,,1,4867,264,281,0
2025-06-04 18:20:00,200,172,,1,4915,283,300,0
2025-06-04 18:22:00,201,171,,1,4965,269,287,0
2025-06-04 18:24:00,200,164,,1,5011,270,288,0
2025-06-04 18:26:00,199,178,,1,931,279,297,0
2025-06-04 18:28:00,199,169,,1,977,262,279,0
2025-06-04 18:30:00,199,155,747,1,1025,266,284,0
2025-06-04 18:32:00,199,173,,1,1077,271,289,0
2025-06-04 18:34:00,199,166,,1,1123,267,285,0
2025-06-04 18:36:00,199,172,,1,1169,272,291,0
2025-06-04 18:38:00,200,166,,1,1219,274,293,0
2025-06-04 18:40:00,199,159,,1,1265,274,292,0
2025-06-04 18:42:00,200,188,,1,1317,269,288,0
2025-06-04 18:44:00,199,175,,1,1361,272,290,0
2025-06-04 18:46:00,199,175,,1,1409,274,291,0
2025-06-04 18:48:00,199,155,,1,1459,268,286,0
2025-06-04 18:50:00,199,165,,1,1505,277,295,0
2025-06-04 18:52:00,199,163,,1,1557,266,284,0
2025-06-04 18:54:00,199,158,,1,1601,265,283,0
2025-06-04 18:56:00,199,163,,1,1649,273,292,0
2025-06-04 18:58:00,199,155,,1,1697,263,281,0
2025-06-04 19:00:00,199,171,747,1,1745,264,282,0
2025-06-04 19:02:00,199,156,,1,1793,269,287,0
2025-06-04 19:04:00,199,171,,1,1841,267,285,0
2025-06-04 19:06:00,199,165,,1,1891,262,280,0
2025-06-04 19:08:00,198,166,,1,1935,278,298,0
2025-06-04 19:10:00,199,165,,1,1983,281,298,0
2025-06-04 19:12:00,198,177,,1,2033,268,288,0
2025-06-04 19:14:00,198,172,,1,2079,266,284,0
2025-06-04 19:16:00,199,175,,1,2127,267,284,0
2025-06-04 19:18:00,198,172,,1,2177,265,283,0
2025-06-04 19:20:00,198,156,,1,2225,280,299,0
2025-06-04 19:22:00,198,169,,1,2273,267,285,0
2025-06-04 19:24:00,198,170,,1,2319,265,283,0
2025-06-04 19:26:00,198,168,,1,2367,273,291,0
2025-06-04 19:28:00,199,168,,1,2415,266,285,0
2025-06-04 19:30:00,198,165,746,1,2463,271,289,0
2025-06-04 19:32:00,199,175,,1,2513,271,289,0
2025-06-04 19:34:00,198,166,,1,2559,271,289,0
2025-06-04 19:36:00,199,170,,1,2609,263,281,0
2025-06-04 19:38:00,199,179,,1,2657,269,287,0
2025-06-04 19:40:00,198,181,,1,2705,264,285,0
2025-06-04 19:42:00,198,162,,1,2755,266,283,0
2025-06-04 19:44:00,199,164,,1,2799,280,297,0
2025-06-04 19:46:00,198,180,,1,2847,261,280,0
2025-06-04 19:48:00,198,161,,1,2895,264,282,0
2025-06-04 19:50:00,199,171,,1,2943,280,298,0
2025-06-04 19:52:00,198,163,,1,2991,264,283,0
2025-06-04 19:54:00,198,169,,1,3039,266,283,0
2025-06-04 19:56:00,198,168,,1,3088,278,296,0
2025-06-04 19:58:00,199,179,,1,3135,272,289,0
2025-06-04 20:00:00,198,172,746,1,3183,276,296,0
2025-06-04 20:02:00,198,162,,1,3233,274,292,0
2025-06-04 20:04:00,198,175,,1,3279,269,287,0
2025-06-04 20:06:00,198,162,,1,3329,271,289,0
2025-06-04 20:08:00,199,172,,1,3377,276,294,0
2025-06-04 20:10:00,205,176,,1,3437,268,289,0
2025-06-04 20:12:00,205,172,,1,3487,270,290,0
2025-06-04 20:14:00,205,169,,1,3533,278,296,0
2025-06-04 20:16:00,205,165,,1,3581,267,285,0
2025-06-04 20:18:00,205,172,,1,3629,266,287,0
2025-06-04 20:20:00,206,171,,1,3671,270,288,0
2025-06-04 20:22:00,200,177,,1,3722,266,286,0
2025-06-04 20:24:00,199,167,,1,3763,271,288,0
2025-06-04 20:26:00,200,167,,1,3811,275,293,0
2025-06-04 20:28:00,199,164,,1,3859,265,283,0
2025-06-04 20:30:00,200,167,748,1,3906,269,287,0
2025-06-04 20:32:00,200,167,,1,3959,276,294,0
2025-06-04 20:34:00,206,176,,1,4018,272,292,0
2025-06-04 20:36:00,207,187,,1,4066,277,297,0
2025-06-04 20:38:00,206,168,,1,4113,293,313,0
2025-06-04 20:40:00,205,171,,1,4161,277,296,0
2025-06-04 20:42:00,205,161,,1,4209,272,291,0
2025-06-04 20:44:00,206,173,,1,4257,277,297,0
2025-06-04 20:46:00,206,174,,1,4304,278,299,0
2025-06-04 20:48:00,206,176,,1,4354,283,303,0
2025-06-04 20:50:00,205,193,,1,4400,271,289,0
2025-06-04 20:52:00,205,172,,1,4451,271,289,0
2025-06-04 20:54:00,205,180,,1,4493,269,288,0
2025-06-04 20:56:00,199,167,,1,4539,271,289,0.400
2025-06-04 20:58:00,200,167,,1,4583,266,283,0
2025-06-04 21:00:00,199,175,747,1,4629,266,283,0
2025-06-04 21:02:00,200,162,,1,4680,280,299,0
2025-06-04 21:04:00,199,168,,1,4726,271,288,0
2025-06-04 21:06:00,200,175,,1,4772,270,290,0
2025-06-04 21:08:00,200,170,,1,4820,274,292,0
2025-06-04 21:10:00,200,180,,1,4868,263,282,0
2025-06-04 21:12:00,199,176,,1,4916,269,287,0
2025-06-04 21:14:00,199,167,,1,4962,276,293,0
2025-06-04 21:16:00,200,178,,1,5012,261,280,0
2025-06-04 21:18:00,200,148,,1,5058,267,284,0
2025-06-04 21:20:00,199,168,,1,5106,281,302,0
2025-06-04 21:22:00,199,172,,1,5156,262,279,0
2025-06-04 21:24:00,199,164,,1,5200,260,278,0
2025-06-04 21:26:00,199,178,,1,5248,282,300,0
2025-06-04 21:28:00,200,165,,1,5296,265,283,0
2025-06-04 21:30:00,199,172,747,1,5344,272,293,0.0667
2025-06-04 21:32:00,199,160,,1,5392,274,292,0
2025-06-04 21:34:00,205,178,,1,5452,264,282,0
2025-06-04 21:36:00,205,154,,1,5500,274,293,0
2025-06-04 21:38:00,205,168,,1,5542,275,293,0.0667
2025-06-04 21:40:00,199,177,,1,5592,263,281,2.40
2025-06-04 21:42:00,199,166,,1,5634,269,289,0
2025-06-04 21:44:00,200,173,,1,5682,286,414,0
2025-06-04 21:46:00,200,166,,1,5730,261,280,0
2025-06-04 21:48:00,203,180,,1,5784,264,283,0
2025-06-04 21:50:00,202,167,,1,5830,274,292,0
2025-06-04 21:52:00,206,184,,1,3426,272,291,0
2025-06-04 21:54:00,207,172,,1,3472,283,303,0
2025-06-04 21:56:00,205,168,,1,3519,284,303,0
2025-06-04 21:58:00,205,169,,1,3566,263,282,0
2025-06-04 22:00:00,205,164,754,1,3615,265,283,0
2025-06-04 22:02:00,205,171,,1,3658,263,281,0
2025-06-04 22:04:00,199,167,,1,3704,264,282,0.400
2025-06-04 22:06:00,205,187,,1,3758,278,299,0
2025-06-04 22:08:00,203,171,,1,3802,290,310,0
2025-06-04 22:10:00,203,172,,1,3850,277,297,0
2025-06-04 22:12:00,203,164,,1,3902,276,295,0
2025-06-04 22:14:00,203,182,,1,3946,278,297,0
2025-06-04 22:16:00,206,184,,1,4000,348,382,0.0667
2025-06-04 22:18:00,204,156,,1,4044,277,297,0
2025-06-04 22:20:00,203,176,,1,4090,288,309,0
2025-06-04 22:22:00,203,167,,1,4138,280,301,0
2025-06-04 22:24:00,203,171,,1,4188,284,304,0
2025-06-04 22:26:00,203,186,,1,4234,282,303,0
2025-06-04 22:28:00,203,158,,1,4282,279,299,0
2025-06-04 22:30:00,203,170,751,1,4330,279,299,0
2025-06-04 22:32:00,204,161,,1,4380,293,313,0
2025-06-04 22:34:00,204,172,,1,4428,283,304,0
2025-06-04 22:36:00,204,169,,1,4476,277,298,0
2025-06-04 22:38:00,203,165,,1,4524,283,304,0
2025-06-04 22:40:00,203,159,,1,4570,275,295,0
2025-06-04 22:42:00,207,171,,1,4628,273,294,0
2025-06-04 22:44:00,203,172,,1,4666,282,302,0
2025-06-04 22:46:00,206,167,,1,4720,280,301,0
2025-06-04 22:48:00,203,172,,1,4764,277,297,0
2025-06-04 22:50:00,203,156,,1,4810,284,305,0
2025-06-04 22:52:00,203,163,,1,4860,275,295,0
2025-06-04 22:54:00,203,172,,1,4908,277,298,0
2025-06-04 22:56:00,204,187,,1,1234,298,319,0
2025-06-04 22:58:00,204,171,,1,1284,274,296,0
2025-06-04 23:00:00,203,178,751,1,1330,277,297,0
2025-06-04 23:02:00,203,169,,1,1380,282,303,0
2025-06-04 23:04:00,203,163,,1,1426,281,302,0
2025-06-04 23:06:00,203,166,,1,1474,285,306,0
2025-06-04 23:08:00,203,162,,1,1522,282,302,0
2025-06-04 23:10:00,203,176,,1,1570,279,301,0
2025-06-04 23:12:00,203,172,,1,1618,278,300,0
2025-06-04 23:14:00,203,167,,1,1666,285,306,0
2025-06-04 23:16:00,203,179,,1,1714,271,294,0
2025-06-04 23:18:00,204,169,,1,1764,272,293,0
2025-06-04 23:20:00,203,180,,1,1810,292,312,0
2025-06-04 23:22:00,203,155,,1,1860,271,293,0
2025-06-04 23:24:00,203,173,,1,1908,273,294,0
2025-06-04 23:26:00,203,164,,1,1955,287,309,0
2025-06-04 23:28:00,203,173,,1,2002,280,301,0
2025-06-04 23:30:00,203,177,751,1,2050,279,301,0
2025-06-04 23:32:00,203,163,,1,2100,288,309,0
2025-06-04 23:34:00,204,163,,1,2148,283,305,0
2025-06-04 23:36:00,203,156,,1,2197,284,305,0
2025-06-04 23:38:00,204,175,,1,2244,283,304,0
2025-06-04 23:40:00,203,161,,1,2291,276,297,0
2025-06-04 23:42:00,204,166,,1,2343,281,303,0
2025-06-04 23:44:00,203,165,,1,2388,291,313,0
2025-06-04 23:46:00,207,159,,1,2442,275,295,0
2025-06-04 23:48:00,203,167,,1,2484,276,297,0
2025-06-04 23:50:00,203,163,,1,2534,288,307,0.0667
2025-06-04 23:52:00,204,172,,1,2584,282,302,0
2025-06-04 23:54:00,203,163,,1,2632,280,300,0
2025-06-04 23:56:00,203,165,,1,2677,288,308,0
2025-06-04 23:58:00,204,169,,1,2728,283,303,0
2025-06-05 00:00:00,203,176,751,1,2774,282,303,0
2025-06-05 00:02:00,203,174,,1,2822,290,312,0
2025-06-05 00:04:00,203,167,,1,2871,275,295,0
2025-06-05 00:06:00,203,179,,1,2918,282,302,0
2025-06-05 00:08:00,204,164,,1,2968,289,310,0
2025-06-05 00:10:00,203,170,,1,3014,280,302,0
2025-06-05 00:12:00,203,163,,1,3066,279,300,0
2025-06-05 00:14:00,203,170,,1,3111,285,306,0
2025-06-05 00:16:00,203,168,,1,3159,291,313,0.0667
2025-06-05 00:18:00,204,159,,1,3207,276,298,0
2025-06-05 00:20:00,203,166,,1,3255,285,306,0
2025-06-05 00:22:00,203,170,,1,3307,278,299,0
2025-06-05 00:24:00,203,168,,1,3348,280,301,0
2025-06-05 00:26:00,203,172,,1,3398,289,310,0
2025-06-05 00:28:00,204,171,,1,3444,272,293,0
2025-06-05 00:30:00,204,161,751,1,3492,280,301,0
2025-06-05 00:32:00,203,172,,1,3542,293,314,0
2025-06-05 00:34:00,203,172,,1,3588,277,298,0
2025-06-05 00:36:00,203,169,,1,3636,278,298,0
2025-06-05 00:38:00,203,172,,1,3686,293,314,0
2025-06-05 00:40:00,204,161,,1,3734,281,302,0
2025-06-05 00:42:00,203,179,,1,3782,278,299,0
2025-06-05 00:44:00,203,152,,1,3830,280,301,0
2025-06-05 00:46:00,203,169,,1,3874,275,297,0
2025-06-05 00:48:00,203,163,,1,3922,283,303,0
2025-06-05 00:50:00,204,168,,1,3972,290,311,0
2025-06-05 00:52:00,204,174,,1,4018,284,305,0
2025-06-05 00:54:00,203,166,,1,4068,278,299,0.0667
2025-06-05 00:56:00,203,165,,1,4114,289,309,0
2025-06-05 00:58:00,204,167,,1,4162,280,300,0
2025-06-05 01:00:00,203,172,751,1,4210,279,299,0
2025-06-05 01:02:00,204,160,,1,4262,286,307,0
2025-06-05 01:04:00,204,164,,1,4308,280,301,0
2025-06-05 01:06:00,203,177,,1,4356,281,302,0
2025-06-05 01:08:00,204,164,,1,4402,285,306,0
2025-06-05 01:10:00,204,172,,1,4452,272,292,0
2025-06-05 01:12:00,203,162,,1,4500,284,305,0
2025-06-05 01:14:00,203,176,,1,4547,287,308,0
2025-06-05 01:16:00,203,165,,1,4594,280,301,0
2025-06-05 01:18:00,203,170,,1,4644,271,292,0
2025-06-05 01:20:00,204,157,,1,4691,290,310,0
2025-06-05 01:22:00,204,170,,1,4740,282,302,0
2025-06-05 01:24:00,204,180,,1,4786,277,299,0
2025-06-05 01:26:00,203,169,,1,4836,287,307,0
2025-06-05 01:28:00,204,177,,1,4882,278,299,0
2025-06-05 01:30:00,204,171,751,1,4930,274,295,0
2025-06-05 01:32:00,204,177,,1,4980,286,307,0
2025-06-05 01:34:00,203,166,,1,5026,278,300,0
2025-06-05 01:36:00,203,173,,1,5076,285,306,0
2025-06-05 01:38:00,203,174,,1,5122,288,310,0
2025-06-05 01:40:00,204,167,,1,5172,275,296,0
2025-06-05 01:42:00,204,171,,1,5220,279,300,0
2025-06-05 01:44:00,204,162,,1,5266,286,307,0
2025-06-05 01:46:00,203,169,,1,5314,273,294,0
2025-06-05 01:48:00,203,161,,1,5362,279,300,0
2025-06-05 01:50:00,203,173,,1,5410,295,315,0
2025-06-05 01:52:00,203,157,,1,5460,282,302,0
2025-06-05 01:54:00,204,172,,1,5508,279,299,0
2025-06-05 01:56:00,203,184,,1,5554,287,308,0
2025-06-05 01:58:00,203,162,,1,5602,282,303,0
2025-06-05 02:00:00,203,165,752,1,5652,277,298,0
2025-06-05 02:02:00,203,165,,1,5702,285,305,0
2025-06-05 02:04:00,203,165,,1,5702,285,305,0
2025-06-05 02:06:00,203,165,,1,5702,285,305,0
2025-06-05 02:08:00,,,,,,,,
2025-06-05 02:10:00,,,,,,,,
2025-06-05 02:12:00,,,,,,,,
2025-06-05 02:14:00,,,,,,,,
2025-06-05 02:16:00,,,,,,,,
2025-06-05 02:18:00,,,,,,,,
2025-06-05 02:20:00,,,,,,,,
2025-06-05 02:22:00,,,,,,,,
2025-06-05 02:24:00,,,,,,,,
2025-06-05 02:26:00,,,,,,,,
2025-06-05 02:28:00,196,172,,1,5690,,,
2025-06-05 02:30:00,196,172,744,1,5690,,,
2025-06-05 02:32:00,,,,,,,,
2025-06-05 02:34:00,,,,,,,,
2025-06-05 02:36:00,,,,,,,,
2025-06-05 02:38:00,,,,,,,,
2025-06-05 02:40:00,,,,,,,,
2025-06-05 02:42:00,,,,,,,,
2025-06-05 02:44:00,,,,,,,,
2025-06-05 02:46:00,,,,,,,,
2025-06-05 02:48:00,200,184,,1,5711,276,296,0
2025-06-05 02:50:00,200,179,,1,5712,290,310,0
2025-06-05 02:52:00,200,179,,1,5712,290,310,0
2025-06-05 02:54:00,,,,,,,,
2025-06-05 02:56:00,,,,,,,,
2025-06-05 02:58:00,,,,,,,,
2025-06-05 03:00:00,,,,,,,,
2025-06-05 03:02:00,,,,,,,,
2025-06-05 03:04:00,,,,,,,,
2025-06-05 03:06:00,,,,,,,,
2025-06-05 03:08:00,,,,,,,,
2025-06-05 03:10:00,,,,,,,,
2025-06-05 03:12:00,,,,,,,,
2025-06-05 03:14:00,,,,,,,,
2025-06-05 03:16:00,,,,,,,,
2025-06-05 03:18:00,,,,,,,,
2025-06-05 03:20:00,,,,,,,,
2025-06-05 03:22:00,,,,,,,,
2025-06-05 03:24:00,,,,,,,,
2025-06-05 03:26:00,,,,,,,,
2025-06-05 03:28:00,,,,,,,,
2025-06-05 03:30:00,,,,,,,,
2025-06-05 03:32:00,,,,,,,,
2025-06-05 03:34:00,,,,,,,,
2025-06-05 03:36:00,,,,,,,,
2025-06-05 03:38:00,,,,,,,,
2025-06-05 03:40:00,,,,,,,,
2025-06-05 03:42:00,,,,,,,,
2025-06-05 03:44:00,,,,,,,,
2025-06-05 03:46:00,,,,,,,,
2025-06-05 03:48:00,,,,,,,,
2025-06-05 03:50:00,,,,,,,,
2025-06-05 03:52:00,,,,,,,,
2025-06-05 03:54:00,,,,,,,,
2025-06-05 03:56:00,,,,,,,,
2025-06-05 03:58:00,,,,,,,,
2025-06-05 04:00:00,,,,,,,,
2025-06-05 04:02:00,,,,,,,,
2025-06-05 04:04:00,,,,,,,,
2025-06-05 04:06:00,,,,,,,,
2025-06-05 04:08:00,,,,,,,,
2025-06-05 04:10:00,,,,,,,,
2025-06-05 04:12:00,,,,,,,,
2025-06-05 04:14:00,,,,,,,,
2025-06-05 04:16:00,,,,,,,,
2025-06-05 04:18:00,,,,,,,,
2025-06-05 04:20:00,,,,,,,,
2025-06-05 04:22:00,,,,,,,,
2025-06-05 04:24:00,,,,,,,,
2025-06-05 04:26:00,,,,,,,,
2025-06-05 04:28:00,,,,,,,,
2025-06-05 04:30:00,,,,,,,,
2025-06-05 04:32:00,,,,,,,,
2025-06-05 04:34:00,,,,,,,,
2025-06-05 04:36:00,,,,,,,,
2025-06-05 04:38:00,,,,,,,,
2025-06-05 04:40:00,,,,,,,,
2025-06-05 04:42:00,,,,,,,,
2025-06-05 04:44:00,,,,,,,,
2025-06-05 04:46:00,,,,,,,,
2025-06-05 04:48:00,,,,,,,,
2025-06-05 04:50:00,,,,,,,,
2025-06-05 04:52:00,,,,,,,,
2025-06-05 04:54:00,,,,,,,,
2025-06-05 04:56:00,,,,,,,,
2025-06-05 04:58:00,,,,,,,,
2025-06-05 05:00:00,,,,,,,,
2025-06-05 05:02:00,,,,,,,,
2025-06-05 05:04:00,,,,,,,,
2025-06-05 05:06:00,,,,,,,,
2025-06-05 05:08:00,,,,,,,,
2025-06-05 05:10:00,,,,,,,,
2025-06-05 05:12:00,,,,,,,,
2025-06-05 05:14:00,,,,,,,,
2025-06-05 05:16:00,,,,,,,,
2025-06-05 05:18:00,,,,,,,,
2025-06-05 05:20:00,,,,,,,,
2025-06-05 05:22:00,,,,,,,,
2025-06-05 05:24:00,,,,,,,,
2025-06-05 05:26:00,,,,,,,,
2025-06-05 05:28:00,,,,,,,,
2025-06-05 05:30:00,,,,,,,,
2025-06-05 05:32:00,,,,,,,,
2025-06-05 05:34:00,,,,,,,,
2025-06-05 05:36:00,,,,,,,,
2025-06-05 05:38:00,,,,,,,,
2025-06-05 05:40:00,,,,,,,,
2025-06-05 05:42:00,,,,,,,,
2025-06-05 05:44:00,,,,,,,,
2025-06-05 05:46:00,,,,,,,,
2025-06-05 05:48:00,,,,,,,,
2025-06-05 05:50:00,,,,,,,,
2025-06-05 05:52:00,,,,,,,,
2025-06-05 05:54:00,,,,,,,,
2025-06-05 05:56:00,,,,,,,,
2025-06-05 05:58:00,,,,,,,,
2025-06-05 06:00:00,,,,,,,,
2025-06-05 06:02:00,,,,,,,,
2025-06-05 06:04:00,,,,,,,,
2025-06-05 06:06:00,,,,,,,,
2025-06-05 06:08:00,,,,,,,,
2025-06-05 06:10:00,,,,,,,,
2025-06-05 06:12:00,,,,,,,,
2025-06-05 06:14:00,,,,,,,,
2025-06-05 06:16:00,,,,,,,,
2025-06-05 06:18:00,,,,,,,,
2025-06-05 06:20:00,,,,,,,,
2025-06-05 06:22:00,,,,,,,,
2025-06-05 06:24:00,,,,,,,,
2025-06-05 06:26:00,,,,,,,,
2025-06-05 06:28:00,,,,,,,,
2025-06-05 06:30:00,,,,,,,,
2025-06-05 06:32:00,,,,,,,,
2025-06-05 06:34:00,,,,,,,,
2025-06-05 06:36:00,,,,,,,,
2025-06-05 06:38:00,,,,,,,,
2025-06-05 06:40:00,,,,,,,,
2025-06-05 06:42:00,,,,,,,,
2025-06-05 06:44:00,,,,,,,,
2025-06-05 06:46:00,,,,,,,,
2025-06-05 06:48:00,,,,,,,,
2025-06-05 06:50:00,,,,,,,,
2025-06-05 06:52:00,,,,,,,,
2025-06-05 06:54:00,,,,,,,,
2025-06-05 06:56:00,,,,,,,,
2025-06-05 06:58:00,,,,,,,,
2025-06-05 07:00:00,,,,,,,,
2025-06-05 07:02:00,,,,,,,,
2025-06-05 07:04:00,,,,,,,,
2025-06-05 07:06:00,,,,,,,,
2025-06-05 07:08:00,,,,,,,,
2025-06-05 07:10:00,,,,,,,,
2025-06-05 07:12:00,,,,,,,,
2025-06-05 07:14:00,,,,,,,,
2025-06-05 07:16:00,,,,,,,,
2025-06-05 07:18:00,,,,,,,,
2025-06-05 07:20:00,,,,,,,,
2025-06-05 07:22:00,,,,,,,,
2025-06-05 07:24:00,,,,,,,,
2025-06-05 07:26:00,,,,,,,,
2025-06-05 07:28:00,,,,,,,,
2025-06-05 07:30:00,,,,,,,,
2025-06-05 07:32:00,,,,,,,,
2025-06-05 07:34:00,,,,,,,,
2025-06-05 07:36:00,,,,,,,,
2025-06-05 07:38:00,,,,,,,,
2025-06-05 07:40:00,,,,,,,,
2025-06-05 07:42:00,,,,,,,,
2025-06-05 07:44:00,,,,,,,,
2025-06-05 07:46:00,,,,,,,,
2025-06-05 07:48:00,,,,,,,,
2025-06-05 07:50:00,,,,,,,,
2025-06-05 07:52:00,,,,,,,,
2025-06-05 07:54:00,,,,,,,,
2025-06-05 07:56:00,,,,,,,,
2025-06-05 07:58:00,,,,,,,,
2025-06-05 08:00:00,,,,,,,,
2025-06-05 08:02:00,,,,,,,,
2025-06-05 08:04:00,,,,,,,,
2025-06-05 08:06:00,,,,,,,,
2025-06-05 08:08:00,,,,,,,,
2025-06-05 08:10:00,,,,,,,,
2025-06-05 08:12:00,,,,,,,,
2025-06-05 08:14:00,,,,,,,,
2025-06-05 08:16:00,,,,,,,,
2025-06-05 08:18:00,,,,,,,,
2025-06-05 08:20:00,,,,,,,,
2025-06-05 08:22:00,,,,,,,,
2025-06-05 08:24:00,,,,,,,,
2025-06-05 08:26:00,,,,,,,,
2025-06-05 08:28:00,,,,,,,,
2025-06-05 08:30:00,,,,,,,,
2025-06-05 08:32:00,,,,,,,,
2025-06-05 08:34:00,,,,,,,,
2025-06-05 08:36:00,,,,,,,,
2025-06-05 08:38:00,,,,,,,,
2025-06-05 08:40:00,,,,,,,,
2025-06-05 08:42:00,,,,,,,,
2025-06-05 08:44:00,,,,,,,,
2025-06-05 08:46:00,,,,,,,,
2025-06-05 08:48:00,,,,,,,,
2025-06-05 08:50:00,,,,,,,,
2025-06-05 08:52:00,,,,,,,,
2025-06-05 08:54:00,,,,,,,,
2025-06-05 08:56:00,,,,,,,,
2025-06-05 08:58:00,,,,,,,,
2025-06-05 09:00:00,,,,,,,,
2025-06-05 09:02:00,,,,,,,,
2025-06-05 09:04:00,,,,,,,,
2025-06-05 09:06:00,,,,,,,,
2025-06-05 09:08:00,,,,,,,,
2025-06-05 09:10:00,,,,,,,,
2025-06-05 09:12:00,,,,,,,,
2025-06-05 09:14:00,,,,,,,,
2025-06-05 09:16:00,,,,,,,,
2025-06-05 09:18:00,,,,,,,,
2025-06-05 09:20:00,,,,,,,,
2025-06-05 09:22:00,,,,,,,,
2025-06-05 09:24:00,,,,,,,,
2025-06-05 09:26:00,,,,,,,,
2025-06-05 09:28:00,,,,,,,,
2025-06-05 09:30:00,,,,,,,,
2025-06-05 09:32:00,,,,,,,,
2025-06-05 09:34:00,,,,,,,,
2025-06-05 09:36:00,,,,,,,,
2025-06-05 09:38:00,,,,,,,,
2025-06-05 09:40:00,,,,,,,,
2025-06-05 09:42:00,,,,,,,,
2025-06-05 09:44:00,,,,,,,,
2025-06-05 09:46:00,,,,,,,,
2025-06-05 09:48:00,,,,,,,,
2025-06-05 09:50:00,,,,,,,,
2025-06-05 09:52:00,,,,,,,,
2025-06-05 09:54:00,,,,,,,,
2025-06-05 09:56:00,,,,,,,,
2025-06-05 09:58:00,,,,,,,,
2025-06-05 10:00:00,,,,,,,,
2025-06-05 10:02:00,,,,,,,,
2025-06-05 10:04:00,,,,,,,,
2025-06-05 10:06:00,,,,,,,,
2025-06-05 10:08:00,,,,,,,,
2025-06-05 10:10:00,,,,,,,,
2025-06-05 10:12:00,,,,,,,,
2025-06-05 10:14:00,,,,,,,,
2025-06-05 10:16:00,,,,,,,,
2025-06-05 10:18:00,,,,,,,,
2025-06-05 10:20:00,,,,,,,,
2025-06-05 10:22:00,,,,,,,,
2025-06-05 10:24:00,,,,,,,,
2025-06-05 10:26:00,,,,,,,,
2025-06-05 10:28:00,,,,,,,,
2025-06-05 10:30:00,,,,,,,,
2025-06-05 10:32:00,,,,,,,,
2025-06-05 10:34:00,,,,,,,,
2025-06-05 10:36:00,,,,,,,,
2025-06-05 10:38:00,,,,,,,,
2025-06-05 10:40:00,,,,,,,,
2025-06-05 10:42:00,,,,,,,,
2025-06-05 10:44:00,,,,,,,,
2025-06-05 10:46:00,,,,,,,,
2025-06-05 10:48:00,,,,,,,,
2025-06-05 10:50:00,,,,,,,,
2025-06-05 10:52:00,,,,,,,,
2025-06-05 10:54:00,,,,,,,,
2025-06-05 10:56:00,,,,,,,,
2025-06-05 10:58:00,,,,,,,,
2025-06-05 11:00:00,,,,,,,,
2025-06-05 11:02:00,,,,,,,,
2025-06-05 11:04:00,,,,,,,,
2025-06-05 11:06:00,,,,,,,,
2025-06-05 11:08:00,,,,,,,,
2025-06-05 11:10:00,,,,,,,,
2025-06-05 11:12:00,,,,,,,,
2025-06-05 11:14:00,,,,,,,,
2025-06-05 11:16:00,,,,,,,,
2025-06-05 11:18:00,,,,,,,,
2025-06-05 11:20:00,,,,,,,,
2025-06-05 11:22:00,,,,,,,,
2025-06-05 11:24:00,,,,,,,,
2025-06-05 11:26:00,,,,,,,,
2025-06-05 11:28:00,,,,,,,,
2025-06-05 11:30:00,,,,,,,,
2025-06-05 11:32:00,,,,,,,,
2025-06-05 11:34:00,,,,,,,,
2025-06-05 11:36:00,,,,,,,,
2025-06-05 11:38:00,,,,,,,,
2025-06-05 11:40:00,,,,,,,,
2025-06-05 11:42:00,,,,,,,,
2025-06-05 11:44:00,,,,,,,,
2025-06-05 11:46:00,,,,,,,,
2025-06-05 11:48:00,,,,,,,,
2025-06-05 11:50:00,,,,,,,,
2025-06-05 11:52:00,,,,,,,,
2025-06-05 11:54:00,,,,,,,,
2025-06-05 11:56:00,,,,,,,,
2025-06-05 11:58:00,,,,,,,,
2025-06-05 12:00:00,,,,,,,,
2025-06-05 12:02:00,,,,,,,,
2025-06-05 12:04:00,,,,,,,,
2025-06-05 12:06:00,,,,,,,,
2025-06-05 12:08:00,,,,,,,,
2025-06-05 12:10:00,,,,,,,,
2025-06-05 12:12:00,,,,,,,,
2025-06-05 12:14:00,,,,,,,,
2025-06-05 12:16:00,,,,,,,,
2025-06-05 12:18:00,,,,,,,,
2025-06-05 12:20:00,,,,,,,,
2025-06-05 12:22:00,,,,,,,,
2025-06-05 12:24:00,,,,,,,,
2025-06-05 12:26:00,,,,,,,,
2025-06-05 12:28:00,,,,,,,,
2025-06-05 12:30:00,,,,,,,,
2025-06-05 12:32:00,,,,,,,,
2025-06-05 12:34:00,,,,,,,,
2025-06-05 12:36:00,,,,,,,,
2025-06-05 12:38:00,,,,,,,,
2025-06-05 12:40:00,,,,,,,,
2025-06-05 12:42:00,,,,,,,,
2025-06-05 12:44:00,,,,,,,,
2025-06-05 12:46:00,,,,,,,,
2025-06-05 12:48:00,,,,,,,,
2025-06-05 12:50:00,,,,,,,,
2025-06-05 12:52:00,,,,,,,,
2025-06-05 12:54:00,,,,,,,,
2025-06-05 12:56:00,,,,,,,,
2025-06-05 12:58:00,,,,,,,,
2025-06-05 13:00:00,,,,,,,,
2025-06-05 13:02:00,,,,,,,,
2025-06-05 13:04:00,,,,,,,,
2025-06-05 13:06:00,,,,,,,,
2025-06-05 13:08:00,,,,,,,,
2025-06-05 13:10:00,208,176,,1,5749,296,320,0
2025-06-05 13:12:00,203,168,,1,5792,271,293,0
2025-06-05 13:14:00,203,170,,1,5840,263,282,0
2025-06-05 13:16:00,203,152,,1,5888,267,287,0

